IP,ORIGIN,CERT_DOMAIN,CERT_ISSUER,GEO_CODE
47.79.144.223,47.79.144.223,api.planori.app,"Let's Encrypt",N/A
47.79.145.75,47.79.145.75,h.klmai.xin,"Let's Encrypt",N/A
47.79.144.228,47.79.144.228,jp.337498871.xyz,"Let's Encrypt",N/A
47.79.144.66,47.79.144.66,sub.shanfunds.cn,"Let's Encrypt",N/A
47.79.144.31,47.79.144.31,cccc.rest,"TrustAsia Technologies, Inc.",N/A
47.79.144.213,47.79.144.213,www.fuqingadapter.com,"Let's Encrypt",N/A
47.79.145.97,47.79.145.97,dlipin.cn,"Let's Encrypt",N/A
47.79.145.217,47.79.145.217,ribbin.mailaiceshi.top,"Let's Encrypt",N/A
47.79.144.217,47.79.144.217,images.apple.com,"Apple Inc.",N/A
47.79.146.35,47.79.146.35,user.52hhy.com,"Let's Encrypt",N/A
47.79.144.106,47.79.144.106,*.megadataocean.com,"Sectigo Limited",N/A
47.79.144.202,47.79.144.202,47.79.144.202,"ZeroSSL",N/A
47.79.146.41,47.79.146.41,47.79.146.41,"Asseco Data Systems S.A.",N/A
47.79.146.58,47.79.146.58,*.megadataocean.com,"Sectigo Limited",N/A
47.79.146.18,47.79.146.18,47.79.146.18,"ZeroSSL",N/A
47.79.146.30,47.79.146.30,images.apple.com,"Apple Inc.",N/A
47.79.145.104,47.79.145.104,localhost,"FIT2CLOUD",N/A
47.79.144.247,47.79.144.247,Common Name,"Organization",N/A
47.79.144.135,47.79.144.135,h5battle-api.kerzhi.com,"Let's Encrypt",N/A
47.79.145.143,47.79.145.143,core.gouimet.shop,"Let's Encrypt",N/A
47.79.144.244,47.79.144.244,admin.chatgo.io,"Let's Encrypt",N/A
47.79.144.73,47.79.144.73,www.brandonbuuro.com,"Let's Encrypt",N/A
47.79.145.63,47.79.145.63,calculator.zanb2b.com,"Let's Encrypt",N/A
47.79.145.12,47.79.145.12,default-server,"IT",N/A
47.79.145.147,47.79.145.147,homeagents.org,"广东堡塔安全技术有限公司",N/A
47.79.145.170,47.79.145.170,xinbb.asia,"Let's Encrypt",N/A
47.79.145.154,47.79.145.154,47.79.145.154,"SSL Corporation",N/A
47.79.145.139,47.79.145.139,starslayla.shop,"Let's Encrypt",N/A
47.79.144.33,47.79.144.33,daiwa-co-jp.cqkfjr.com,"Let's Encrypt",N/A
47.79.145.44,47.79.145.44,47.79.145.44,"SSL Corporation",N/A
47.79.144.125,47.79.144.125,w1.juwo.app,"Let's Encrypt",N/A
47.79.145.157,47.79.145.157,glowsticks.cn,"DigiCert Inc",N/A
47.79.145.204,47.79.145.204,ssmgr3.zhuziyu.cn,"ZeroSSL",N/A
47.79.145.247,47.79.145.247,chat.lsaa.top,"Let's Encrypt",N/A
47.79.145.129,47.79.145.129,fungame.digital,"Let's Encrypt",N/A
47.79.144.30,47.79.144.30,eua.inc,"Inc",N/A
47.79.144.14,47.79.144.14,*.megadataocean.com,"Sectigo Limited",N/A
47.79.144.3,47.79.144.3,niko-jp.com,"Xin Net Technology Corp.",N/A
47.79.144.22,47.79.144.22,localhost,"FIT2CLOUD",N/A
47.79.145.145,47.79.145.145,eua.inc,"Inc",N/A
47.79.145.15,47.79.145.15,*.6523635.top,"Let's Encrypt",N/A
47.79.145.138,47.79.145.138,CloudFlare Origin Certificate,"CloudFlare, Inc.",N/A
47.79.145.218,47.79.145.218,jp2.60zhe.com,"Let's Encrypt",N/A
47.79.145.31,47.79.145.31,jp.284072.xyz,"ZeroSSL",N/A
47.79.144.147,47.79.144.147,edx.com,"Google Trust Services LLC",N/A
47.79.146.28,47.79.146.28,assets.nous.run,"Let's Encrypt",N/A
47.79.146.138,47.79.146.138,80wcg.com,"Let's Encrypt",N/A
47.79.146.45,47.79.146.45,crs3.itssx.com,"Let's Encrypt",N/A
47.79.146.120,47.79.146.120,cwjp.ghpw.space,"ZeroSSL",N/A
47.79.144.203,47.79.144.203,47.79.144.203,"SSL Corporation",N/A
47.79.146.127,47.79.146.127,www.sonaqueen.com,"ZeroSSL",N/A
47.79.145.45,47.79.145.45,wxzno6.top,"Let's Encrypt",N/A
47.79.144.150,47.79.144.150,26166600.com,"Let's Encrypt",N/A
47.79.144.230,47.79.144.230,server-139-162-73-185.da.direct,"DirectAdmin Self-Signed",N/A
47.79.146.161,47.79.146.161,xn--cksr0aw0dr1f8n8a1xm.com,"ZeroSSL",N/A
47.79.146.165,47.79.146.165,www.xinge.icu,"Let's Encrypt",N/A
47.79.146.189,47.79.146.189,localhost,"FIT2CLOUD",N/A
47.79.146.187,47.79.146.187,localhost,"FIT2CLOUD",N/A
47.79.146.194,47.79.146.194,47.79.146.194,"SSL Corporation",N/A
47.79.146.211,47.79.146.211,www.prockart.com,"Let's Encrypt",N/A
47.79.146.219,47.79.146.219,*.megadataocean.com,"Sectigo Limited",N/A
47.79.146.217,47.79.146.217,cdn.navix.site,"Let's Encrypt",N/A
47.79.146.213,47.79.146.213,47.79.146.213,"ZeroSSL",N/A
47.79.146.232,47.79.146.232,47.79.146.232,"ZeroSSL",N/A
47.79.146.237,47.79.146.237,amh.sh,"AMH",N/A
47.79.146.252,47.79.146.252,*.megadataocean.com,"Sectigo Limited",N/A
47.79.147.65,47.79.147.65,gptload.thefool.chat,"Let's Encrypt",N/A
47.79.147.87,47.79.147.87,channel.hragi.com,"Let's Encrypt",N/A
47.79.147.83,47.79.147.83,mail.curamail.top,"Let's Encrypt",N/A
47.79.147.92,47.79.147.92,*.megadataocean.com,"Sectigo Limited",N/A
47.79.147.91,47.79.147.91,ga4sense.com,"Let's Encrypt",N/A
47.79.147.96,47.79.147.96,www.kim88-h5116.online,"Let's Encrypt",N/A
47.79.147.130,47.79.147.130,9zkza.tkshopl.com,"Let's Encrypt",N/A
47.79.147.122,47.79.147.122,raku.163.co.jp,"Let's Encrypt",N/A
47.79.147.136,47.79.147.136,api.chienkjapi.mom,"Let's Encrypt",N/A
47.79.147.160,47.79.147.160,pizn.net,"DigiCert Inc",N/A
47.79.147.142,47.79.147.142,xxmk.my,"Let's Encrypt",N/A
47.79.147.138,47.79.147.138,a.d.bxfh.com,"Let's Encrypt",N/A
47.79.147.172,47.79.147.172,8335500.vip,"Let's Encrypt",N/A
47.79.147.174,47.79.147.174,images.apple.com,"Apple Inc.",N/A
47.79.147.195,47.79.147.195,*.6523635.top,"Let's Encrypt",N/A
47.79.147.212,47.79.147.212,localhost,"FIT2CLOUD",N/A
47.79.147.227,47.79.147.227,japa01.20230118.uk,"Let's Encrypt",N/A
47.79.148.12,47.79.148.12,www.bloob.cn,"Let's Encrypt",N/A
47.79.148.51,47.79.148.51,crossarb.duckdns.org,"Let's Encrypt",N/A
47.79.148.156,47.79.148.156,0gkfzz.tkshopf.com,"Let's Encrypt",N/A
47.79.148.87,47.79.148.87,images.apple.com,"Apple Inc.",N/A
47.79.148.86,47.79.148.86,authorize-response-code-client-id-3292246.gemser.de,"Let's Encrypt",N/A
47.79.148.85,47.79.148.85,tkyohome.duckdns.org,"Let's Encrypt",N/A
47.79.148.137,47.79.148.137,app.xxyun.de,"Let's Encrypt",N/A
47.79.148.115,47.79.148.115,47.79.148.115,"SSL Corporation",N/A
47.79.148.150,47.79.148.150,CloudFlare Origin Certificate,"CloudFlare, Inc.",N/A
47.79.148.168,47.79.148.168,localhost,"FIT2CLOUD",N/A
47.79.148.157,47.79.148.157,cocoletter.net,"Sectigo Limited",N/A
47.79.149.14,47.79.149.14,intelgoo.com,"Let's Encrypt",N/A
47.79.149.57,47.79.149.57,gspe19-ssl.ls.apple.com,"Apple Inc.",N/A
47.79.149.82,47.79.149.82,ws-safej.com,"Let's Encrypt",N/A
47.79.149.84,47.79.149.84,app.xxyun.de,"Let's Encrypt",N/A
47.79.149.81,47.79.149.81,www.cloudflare.com,"Google Trust Services",N/A
47.79.149.92,47.79.149.92,CloudFlare Origin Certificate,"CloudFlare, Inc.",N/A
47.79.149.91,47.79.149.91,*.objboy.com,"Let's Encrypt",N/A
47.79.149.122,47.79.149.122,qin21a.dhhdk-djejd.org,"Let's Encrypt",N/A
47.79.149.116,47.79.149.116,CloudFlare Origin Certificate,"CloudFlare, Inc.",N/A
47.79.149.144,47.79.149.144,bot.librotherson.com,"Let's Encrypt",N/A
47.79.149.128,47.79.149.128,n.sni-347-default.ssl.fastly.net,"GlobalSign nv-sa",N/A
47.79.149.162,47.79.149.162,images.apple.com,"Apple Inc.",N/A
47.79.149.203,47.79.149.203,api.agensd.com,"Let's Encrypt",N/A
47.79.149.229,47.79.149.229,faka.006055.xyz,"DigiCert Inc",N/A
47.79.149.166,47.79.149.166,www.gryphsis.com,"Let's Encrypt",N/A
47.79.149.244,47.79.149.244,vps.googlecloud.club,"Let's Encrypt",N/A
47.79.150.21,47.79.150.21,47.79.150.21,"SSL Corporation",N/A
47.79.149.249,47.79.149.249,xn--cksr0aw0dr1f8n8a1xm.com,"ZeroSSL",N/A
47.79.149.147,47.79.149.147,yahoo.com,"DigiCert Inc",N/A
47.79.150.34,47.79.150.34,www.ltfc.top,"Let's Encrypt",N/A
47.79.150.62,47.79.150.62,www.cloudflare.com,"Google Trust Services",N/A
47.79.150.75,47.79.150.75,deepengager.com,"Let's Encrypt",N/A
47.79.150.85,47.79.150.85,www.jumpershao.top,"Let's Encrypt",N/A
47.79.150.132,47.79.150.132,*.bially.jp,"Let's Encrypt",N/A
47.79.150.109,47.79.150.109,456324.xyz,"Let's Encrypt",N/A
47.79.150.141,47.79.150.141,jp.tekdf.com,"DigiCert Inc",N/A
47.79.150.179,47.79.150.179,*.demdex.com,"DigiCert Inc",N/A
47.79.150.214,47.79.150.214,vm11jp.behoto.com,"Let's Encrypt",N/A
47.79.150.229,47.79.150.229,admin.vireongroup.net,"Let's Encrypt",N/A
47.79.150.216,47.79.150.216,glowsticks.cn,"DigiCert Inc",N/A
47.79.151.82,47.79.151.82,cfg.ipcamera-us.xyz,"Let's Encrypt",N/A
47.79.151.162,47.79.151.162,images.apple.com,"Apple Inc.",N/A
47.79.151.158,47.79.151.158,jiangxinyi.shizhijia.vip,"Let's Encrypt",N/A
47.79.151.183,47.79.151.183,ws.graybk.cn,"DigiCert Inc",N/A
47.79.151.134,47.79.151.134,gspe19-ssl.ls.apple.com,"Apple Inc.",N/A
47.79.151.189,47.79.151.189,app.xxyun.de,"Let's Encrypt",N/A
47.79.151.248,47.79.151.248,jp.xdo.icu,"ZeroSSL",N/A
47.79.136.132,47.79.136.132,esvoid.com,"Let's Encrypt",N/A
47.79.136.82,47.79.136.82,localhost,"FIT2CLOUD",N/A
47.79.127.58,47.79.127.58,crmv6.cedarcloudsurvey.com,"Let's Encrypt",N/A
47.79.126.178,47.79.126.178,localhost,"FIT2CLOUD",N/A
47.79.125.91,47.79.125.91,ln.p18p.com,"Let's Encrypt",N/A
47.79.124.85,47.79.124.85,ben.hypaysup.org,"Let's Encrypt",N/A
47.79.123.251,47.79.123.251,*.home.theta405.top,"ZeroSSL",N/A
47.79.123.239,47.79.123.239,cj258.com,"Let's Encrypt",N/A
47.79.123.219,47.79.123.219,gdld.top,"Let's Encrypt",N/A
47.79.123.217,47.79.123.217,*.lechenvpn.com,"Let's Encrypt",N/A
47.79.123.232,47.79.123.232,eth999.shop,"Let's Encrypt",N/A
47.79.123.230,47.79.123.230,idgue.web.id,"Let's Encrypt",N/A
47.79.123.223,47.79.123.223,47.79.123.223,"ServerAvatar",N/A
47.79.123.189,47.79.123.189,www.ltfc.top,"Let's Encrypt",N/A
47.79.123.181,47.79.123.181,localhost,"FIT2CLOUD",N/A
47.79.123.173,47.79.123.173,beta.thememovies.net,"Let's Encrypt",N/A
47.79.123.184,47.79.123.184,admin.mdae.my,"Let's Encrypt",N/A
47.79.123.159,47.79.123.159,admin.aipornsearch.shop,"Let's Encrypt",N/A
47.79.123.139,47.79.123.139,www.votingsupply.com,"Let's Encrypt",N/A
47.79.123.90,47.79.123.90,2fa.tzdwd.com,"Let's Encrypt",N/A
47.79.123.80,47.79.123.80,cctvsno.com,"Let's Encrypt",N/A
47.79.123.75,47.79.123.75,gao.ga,"Let's Encrypt",N/A
47.79.123.64,47.79.123.64,dokku-example.yrpang.com,"Let's Encrypt",N/A
47.79.123.54,47.79.123.54,*.lechenvpn.com,"Let's Encrypt",N/A
47.79.123.43,47.79.123.43,1024006.fgrgrgh.online,"Let's Encrypt",N/A
47.79.122.249,47.79.122.249,lucoffeehouse.com,"Let's Encrypt",N/A
47.79.122.238,47.79.122.238,api-sc-id.vixch.com,"Let's Encrypt",N/A
47.79.122.223,47.79.122.223,01.bgp.jp.server.ac130.org,"Let's Encrypt",N/A
47.79.122.204,47.79.122.204,Kubernetes Ingress Controller Fake Certificate,"Acme Co",N/A
47.79.122.194,47.79.122.194,*.web.sparkstarx.com,"Let's Encrypt",N/A
47.79.122.199,47.79.122.199,*.f1shyu.com,"Google Trust Services",N/A
47.79.122.192,47.79.122.192,moodyguy.link,"Let's Encrypt",N/A
47.79.122.165,47.79.122.165,*.ahboy.net,"ZeroSSL",N/A
47.79.122.110,47.79.122.110,bandarquota.com,"Sectigo Limited",N/A
47.79.122.119,47.79.122.119,ws-child.com,"Let's Encrypt",N/A
47.79.122.157,47.79.122.157,973700.xyz,"Let's Encrypt",N/A
47.79.122.107,47.79.122.107,apacea.newfastloan.cc,"Let's Encrypt",N/A
47.79.122.129,47.79.122.129,roboticweldingsystems.com,"Let's Encrypt",N/A
47.79.122.164,47.79.122.164,localhost,"FIT2CLOUD",N/A
47.79.122.85,47.79.122.85,12kele.com,"Let's Encrypt",N/A
47.79.122.75,47.79.122.75,localhost,"FIT2CLOUD",N/A
47.79.122.44,47.79.122.44,download.speedyfx.top,"Let's Encrypt",N/A
47.79.122.41,47.79.122.41,cdnaws.djwak.com,"TrustAsia Technologies, Inc.",N/A
47.79.122.35,47.79.122.35,Common Name,"Organization",N/A
47.79.122.28,47.79.122.28,service.bingxus.net,"Let's Encrypt",N/A
47.79.122.17,47.79.122.17,www.ontfit.com,"Sectigo Limited",N/A
47.79.122.8,47.79.122.8,sg-claw-admin.oaethan.top,"Let's Encrypt",N/A
47.79.122.5,47.79.122.5,admin.okxex.net,"Let's Encrypt",N/A
47.79.122.2,47.79.122.2,no-sni.vercel-infra.com,"Let's Encrypt",N/A
47.79.121.243,47.79.121.243,llm.mine.bz,"Let's Encrypt",N/A
47.79.121.215,47.79.121.215,ceraloxy.cc,"DigiCert Inc",N/A
47.79.121.201,47.79.121.201,admin.kester.asia,"sslTrus",N/A
47.79.121.200,47.79.121.200,filedoc.poltracking.app,"Let's Encrypt",N/A
47.79.121.198,47.79.121.198,b.fuyue.cc,"Let's Encrypt",N/A
47.79.121.154,47.79.121.154,api.ai4future.com.cn,"Let's Encrypt",N/A
47.79.121.151,47.79.121.151,0verlink.net,"Let's Encrypt",N/A
47.79.121.147,47.79.121.147,livingcanton.cn,"Let's Encrypt",N/A
47.79.121.127,47.79.121.127,treasurepot.site,"ZeroSSL",N/A
47.79.121.105,47.79.121.105,www.jinxuejp.info,"Let's Encrypt",N/A
47.79.121.83,47.79.121.83,binklookup.top,"Let's Encrypt",N/A
47.79.121.33,47.79.121.33,digitalprocedure.com.cn,"Let's Encrypt",N/A
47.79.120.216,47.79.120.216,115.client.lat,"Let's Encrypt",N/A
47.79.120.151,47.79.120.151,vv.tv-x.us.kg,"Let's Encrypt",N/A
47.79.120.91,47.79.120.91,besoksenin.cam,"Let's Encrypt",N/A
47.79.120.70,47.79.120.70,sg.wanzijia.online,"Let's Encrypt",N/A
47.79.120.57,47.79.120.57,xjp03.577808.xyz,"ZeroSSL",N/A
47.79.120.215,47.79.120.215,yahoo.com,"DigiCert Inc",N/A
47.79.120.54,47.79.120.54,www.ulanton.com,"Let's Encrypt",N/A
47.79.120.39,47.79.120.39,openlitespeed.host,"LiteSpeedCommunity",N/A
47.79.120.51,47.79.120.51,yahoo.com,"DigiCert Inc",N/A
47.79.119.236,47.79.119.236,hopo.ai,"Let's Encrypt",N/A
47.79.119.182,47.79.119.182,sg-01.18cm.one,"Let's Encrypt",N/A
47.79.119.39,47.79.119.39,health-food.xyz,"Let's Encrypt",N/A
47.79.119.61,47.79.119.61,leeg.203366.xyz,"Let's Encrypt",N/A
47.79.118.255,47.79.118.255,www.aolve.online,"Let's Encrypt",N/A
47.79.118.247,47.79.118.247,360886.xyz,"ZeroSSL",N/A
47.79.118.229,47.79.118.229,n.sni-347-default.ssl.fastly.net,"GlobalSign nv-sa",N/A
47.79.118.95,47.79.118.95,mcc3dp.com,"DigiCert Inc",N/A
47.79.118.83,47.79.118.83,binfin.vip,"Let's Encrypt",N/A
47.79.117.158,47.79.117.158,CloudFlare Origin Certificate,"CloudFlare, Inc.",N/A
47.79.117.161,47.79.117.161,service.ex8ne8ss.buzz,"Let's Encrypt",N/A
47.79.117.17,47.79.117.17,sonnguyenapple.com,"Let's Encrypt",N/A
47.79.116.241,47.79.116.241,codediva.co.th,"Let's Encrypt",N/A
47.79.99.225,47.79.99.225,www.sinluxlight.com,"Let's Encrypt",N/A
47.79.99.224,47.79.99.224,app.inviee.id,"Let's Encrypt",N/A
47.79.99.216,47.79.99.216,amheh.com,"DigiCert Inc",N/A
47.79.99.181,47.79.99.181,www.blacktea-supplier.com,"Let's Encrypt",N/A
47.79.99.171,47.79.99.171,*.mumuso.com,"Beijing Xinchacha Credit Management Co., Ltd.",N/A
47.79.99.150,47.79.99.150,CloudFlare Origin Certificate,"CloudFlare, Inc.",N/A
47.79.99.20,47.79.99.20,agrent.xyz,"Let's Encrypt",N/A
47.79.98.227,47.79.98.227,a1.swjs.cc,"Let's Encrypt",N/A
47.79.98.201,47.79.98.201,nagacp.ownsite.my.id,"Let's Encrypt",N/A
47.79.98.216,47.79.98.216,Kubernetes Ingress Controller Fake Certificate,"Acme Co",N/A
47.79.98.155,47.79.98.155,eztoolboxqld.com.au,"Let's Encrypt",N/A
47.79.98.144,47.79.98.144,1.zyinter.ai,"Let's Encrypt",N/A
47.79.98.132,47.79.98.132,knscha.com.cn,"Let's Encrypt",N/A
47.79.98.131,47.79.98.131,clawvpn.s1mple.cn,"ZeroSSL",N/A
47.79.98.108,47.79.98.108,console.silversea-media.com,"Let's Encrypt",N/A
47.79.98.56,47.79.98.56,eua.inc,"Inc",N/A
47.79.98.57,47.79.98.57,redbull.my.id,"Let's Encrypt",N/A
47.79.98.45,47.79.98.45,Common Name,"Organization",N/A
47.79.98.34,47.79.98.34,api.xhlzf.com,"Let's Encrypt",N/A
47.79.98.13,47.79.98.13,localhost,"FIT2CLOUD",N/A
47.79.98.9,47.79.98.9,node-sg-a1.797999.xyz,"Let's Encrypt",N/A
47.79.95.248,47.79.95.248,volcanobbs.click,"Let's Encrypt",N/A
47.79.95.246,47.79.95.246,bluewing-ltd.jp,"Let's Encrypt",N/A
47.79.95.233,47.79.95.233,v2.zijieindex.com,"Let's Encrypt",N/A
47.79.95.228,47.79.95.228,images.apple.com,"Apple Inc.",N/A
47.79.95.218,47.79.95.218,127.0.0.1,"宝塔面板",N/A
47.79.95.216,47.79.95.216,komari.888608.xyz,"Let's Encrypt",N/A
47.79.95.213,47.79.95.213,cc.raviw.com,"Let's Encrypt",N/A
47.79.95.207,47.79.95.207,Cloudflare,"Cloudflare, Inc.",N/A
47.79.95.208,47.79.95.208,mail.jj1120.top,"Let's Encrypt",N/A
47.79.95.203,47.79.95.203,xn--cksr0aw0dr1f8n8a1xm.com,"ZeroSSL",N/A
47.79.95.196,47.79.95.196,47.79.95.196,"SSL Corporation",N/A
47.79.95.164,47.79.95.164,axx.axaxqxdw.top,"Let's Encrypt",N/A
47.79.95.155,47.79.95.155,line07.com,"Let's Encrypt",N/A
47.79.95.142,47.79.95.142,xn--cksr0aw0dr1f8n8a1xm.com,"ZeroSSL",N/A
47.79.95.110,47.79.95.110,okxex.net,"Let's Encrypt",N/A
47.79.95.107,47.79.95.107,photo.zyxweb.cn,"Let's Encrypt",N/A
47.79.95.103,47.79.95.103,47.79.95.103,"Unizeto Technologies S.A.",N/A
47.79.95.83,47.79.95.83,www.melotope-piano.com,"Let's Encrypt",N/A
47.79.95.62,47.79.95.62,web2.iak47.cc,"Let's Encrypt",N/A
47.79.95.45,47.79.95.45,irislucas2021.xyz,"Let's Encrypt",N/A
47.79.95.39,47.79.95.39,502ys.top,"Let's Encrypt",N/A
47.79.95.120,47.79.95.120,yahoo.com,"DigiCert Inc",N/A
47.79.95.25,47.79.95.25,jp.inbay.live,"Let's Encrypt",N/A
47.79.94.251,47.79.94.251,*.aframe.work,"Let's Encrypt",N/A
47.79.95.9,47.79.95.9,1.2.3.4,"3",N/A
47.79.94.227,47.79.94.227,47.79.94.227,"SSL Corporation",N/A
47.79.94.209,47.79.94.209,tycp.xyz,"Let's Encrypt",N/A
47.79.94.207,47.79.94.207,car.52jp.jp,"Let's Encrypt",N/A
47.79.94.205,47.79.94.205,www.iris56.xyz,"DigiCert Inc",N/A
47.79.94.172,47.79.94.172,262626.space,"Let's Encrypt",N/A
47.79.94.166,47.79.94.166,bit.yt321.top,"Let's Encrypt",N/A
47.79.94.165,47.79.94.165,vr-housing.com,"Let's Encrypt",N/A
47.79.94.164,47.79.94.164,47.79.94.164,"SSL Corporation",N/A
47.79.94.163,47.79.94.163,dev.hack4gsb.com,"Let's Encrypt",N/A
47.79.94.158,47.79.94.158,47.79.94.158,"ZeroSSL",N/A
47.79.94.156,47.79.94.156,localhost,"FIT2CLOUD",N/A
47.79.94.146,47.79.94.146,47.79.94.146,"SSL Corporation",N/A
47.79.94.143,47.79.94.143,000666.best,"Let's Encrypt",N/A
47.79.94.141,47.79.94.141,47.79.94.141,"SSL Corporation",N/A
47.79.94.140,47.79.94.140,*.monlt.top,"Let's Encrypt",N/A
47.79.94.135,47.79.94.135,151.241.5.106,"MyCompany",N/A
47.79.94.131,47.79.94.131,cc.gosu.cc,"Let's Encrypt",N/A
47.79.94.130,47.79.94.130,*.6523635.top,"Let's Encrypt",N/A
47.79.94.119,47.79.94.119,6692200.vip,"Leocert LLC",N/A
47.79.94.113,47.79.94.113,claw.mooncn.net,"Let's Encrypt",N/A
47.79.94.66,47.79.94.66,CloudFlare Origin Certificate,"CloudFlare, Inc.",N/A
47.79.94.64,47.79.94.64,eua.inc,"Inc",N/A
47.79.94.36,47.79.94.36,47.79.94.36,"广东堡塔安全技术有限公司",N/A
47.79.94.20,47.79.94.20,vvvv-docs.kern123.top,"Let's Encrypt",N/A
47.79.93.245,47.79.93.245,claw.lralph.top,"Let's Encrypt",N/A
47.79.93.237,47.79.93.237,Cloudflare,"Cloudflare, Inc.",N/A
47.79.93.229,47.79.93.229,*.6523635.top,"Let's Encrypt",N/A
47.79.93.182,47.79.93.182,claw.gummybears.top,"Let's Encrypt",N/A
47.79.93.188,47.79.93.188,*.megadataocean.com,"Sectigo Limited",N/A
47.79.93.191,47.79.93.191,gspe19-ssl.ls.apple.com,"Apple Inc.",N/A
47.79.94.10,47.79.94.10,cn.karuizawa-hds.com,"Let's Encrypt",N/A
47.79.93.118,47.79.93.118,localhost,"FIT2CLOUD",N/A
47.79.93.110,47.79.93.110,chat.onewater.run,"Let's Encrypt",N/A
47.79.93.104,47.79.93.104,ddz.9bb.top,"Let's Encrypt",N/A
47.79.93.96,47.79.93.96,chuantou.men,"Let's Encrypt",N/A
47.79.93.168,47.79.93.168,spacepower365.com,"Let's Encrypt",N/A
47.79.93.90,47.79.93.90,cctv.20140614.xyz,"Let's Encrypt",N/A
47.79.93.73,47.79.93.73,www.xpan.xyz,"Let's Encrypt",N/A
47.79.93.65,47.79.93.65,pinglintea.com.tw,"Let's Encrypt",N/A
47.79.93.64,47.79.93.64,47.79.93.64,"ZeroSSL",N/A
47.79.93.55,47.79.93.55,jp.mcjoker.xyz,"Let's Encrypt",N/A
47.79.93.25,47.79.93.25,boyernews.com,"Google Trust Services LLC",N/A
47.79.93.16,47.79.93.16,cq.911611.xyz,"Let's Encrypt",N/A
47.79.93.8,47.79.93.8,linghu.im,"Let's Encrypt",N/A
47.79.93.2,47.79.93.2,669xk.vip,"Let's Encrypt",N/A
47.79.92.244,47.79.92.244,ESA Client Certificate,"Alibaba Cloud",N/A
47.79.92.243,47.79.92.243,kjasdnfia.loveyuebao951127.top,"Let's Encrypt",N/A
47.79.92.224,47.79.92.224,localhost,"FIT2CLOUD",N/A
47.79.92.230,47.79.92.230,blog.tangzijie.top,"Let's Encrypt",N/A
47.79.92.216,47.79.92.216,47.79.92.216,"ZeroSSL",N/A
47.79.92.208,47.79.92.208,apply.mfdh.link,"Let's Encrypt",N/A
47.79.92.201,47.79.92.201,bbs.exqw.com,"Let's Encrypt",N/A
47.79.92.198,47.79.92.198,jp.246810.best,"Let's Encrypt",N/A
47.79.92.193,47.79.92.193,*.6523635.top,"Let's Encrypt",N/A
47.79.92.197,47.79.92.197,47.79.92.197,"ZeroSSL",N/A
47.79.92.184,47.79.92.184,open.musicses.army,"Let's Encrypt",N/A
47.79.92.182,47.79.92.182,www.mzp.mom,"Let's Encrypt",N/A
47.79.92.174,47.79.92.174,tbaoo.top,"Let's Encrypt",N/A
47.79.92.254,47.79.92.254,yahoo.com,"DigiCert Inc",N/A
47.79.92.117,47.79.92.117,tokyo.ceiler2c.top,"Let's Encrypt",N/A
47.79.92.116,47.79.92.116,*.cirnoq.xyz,"Cosmos Personal Server CA MddVB",N/A
47.79.92.56,47.79.92.56,egame.eastsoft.cc,"Let's Encrypt",N/A
47.79.92.176,47.79.92.176,47.79.92.176,"ZeroSSL",N/A
47.79.92.111,47.79.92.111,proxy1.cleanbug.cn,"Let's Encrypt",N/A
47.79.92.40,47.79.92.40,pinglintea.com.tw,"Let's Encrypt",N/A
47.79.92.39,47.79.92.39,CloudFlare Origin Certificate,"CloudFlare, Inc.",N/A
47.79.92.97,47.79.92.97,wduanni.cc,"Let's Encrypt",N/A
47.79.92.92,47.79.92.92,shop.defiusdt.top,"Let's Encrypt",N/A
47.79.92.91,47.79.92.91,cvc.ynd777.cc,"Let's Encrypt",N/A
47.79.92.84,47.79.92.84,node-clawcloud-jp-a1.797999.xyz,"Let's Encrypt",N/A
47.79.92.37,47.79.92.37,localhost,"FIT2CLOUD",N/A
47.79.92.34,47.79.92.34,ch.272277.xyz,"Let's Encrypt",N/A
47.79.92.73,47.79.92.73,47.79.92.73,"FIT2CLOUD",N/A
47.79.92.16,47.79.92.16,*.alicdn.com,"GlobalSign nv-sa",N/A
47.79.92.47,47.79.92.47,en.berlt.com,"DigiCert Inc",N/A
47.79.92.4,47.79.92.4,api.gkkdma.club,"Let's Encrypt",N/A
47.79.91.247,47.79.91.247,CloudFlare Origin Certificate,"CloudFlare, Inc.",N/A
47.79.92.53,47.79.92.53,imimi.im,"Let's Encrypt",N/A
47.79.92.18,47.79.92.18,reroute443.microsoft.com,"Microsoft Corporation",N/A
47.79.92.60,47.79.92.60,yahoo.com,"DigiCert Inc",N/A
47.79.91.230,47.79.91.230,acemobileapps.net,"DigiCert Inc",N/A
47.79.91.251,47.79.91.251,noploop.com,"Let's Encrypt",N/A
47.79.91.204,47.79.91.204,CloudFlare Origin Certificate,"CloudFlare, Inc.",N/A
47.79.91.192,47.79.91.192,ws-safeau.com,"Let's Encrypt",N/A
47.79.91.189,47.79.91.189,localhost,"FIT2CLOUD",N/A
47.79.91.183,47.79.91.183,km.3328.us.kg,"Let's Encrypt",N/A
47.79.91.169,47.79.91.169,alist.feddit.social,"Let's Encrypt",N/A
47.79.91.162,47.79.91.162,srap.link,"ZeroSSL",N/A
47.79.91.122,47.79.91.122,cloudoai.com,"Let's Encrypt",N/A
47.79.91.99,47.79.91.99,cloudflare-dns.com,"DigiCert Inc",N/A
47.79.91.106,47.79.91.106,no-sni.vercel-infra.com,"Let's Encrypt",N/A
47.79.91.63,47.79.91.63,jp1.323300.xyz,"Let's Encrypt",N/A
47.79.92.157,47.79.92.157,octo-bus.xyz,"Let's Encrypt",N/A
47.79.92.150,47.79.92.150,CloudFlare Origin Certificate,"CloudFlare, Inc.",N/A
47.79.92.165,47.79.92.165,*.alicdn.com,"GlobalSign nv-sa",N/A
47.79.91.40,47.79.91.40,n.sni-347-default.ssl.fastly.net,"GlobalSign nv-sa",N/A
47.79.91.39,47.79.91.39,ciao.endouhotaru.ip-ddns.com,"ZeroSSL",N/A
47.79.91.27,47.79.91.27,claw.jp.runrm.com,"Let's Encrypt",N/A
47.79.91.17,47.79.91.17,Common Name,"Organization",N/A
47.79.91.105,47.79.91.105,jp.5288.ru,"Let's Encrypt",N/A
47.79.91.3,47.79.91.3,CloudFlare Origin Certificate,"CloudFlare, Inc.",N/A
47.79.91.85,47.79.91.85,jwn8n.mmtker.com,"Let's Encrypt",N/A
47.79.91.70,47.79.91.70,claw.joye0721.xyz,"Let's Encrypt",N/A
47.79.90.253,47.79.90.253,localhost,"FIT2CLOUD",N/A
47.79.90.249,47.79.90.249,localhost,"FIT2CLOUD",N/A
47.79.91.5,47.79.91.5,yahoo.com,"DigiCert Inc",N/A
47.79.90.245,47.79.90.245,yahoo.com,"DigiCert Inc",N/A
47.79.90.227,47.79.90.227,Zoraxy Self-host,"imuslab.com",N/A
47.79.90.226,47.79.90.226,Lucky,"lucky666CN",N/A
47.79.90.219,47.79.90.219,localhost,"FIT2CLOUD",N/A
47.79.90.217,47.79.90.217,stackboom.net,"Let's Encrypt",N/A
47.79.90.204,47.79.90.204,hateblo.jp,"Let's Encrypt",N/A
47.79.91.8,47.79.91.8,bba.lol,"Let's Encrypt",N/A
47.79.90.197,47.79.90.197,www.hashcat.jp,"Sectigo Limited",N/A
47.79.90.193,47.79.90.193,bsvgo.com,"Let's Encrypt",N/A
47.79.90.180,47.79.90.180,www.xn--e1axb7f.com,"Let's Encrypt",N/A
47.79.90.177,47.79.90.177,chat.gtio.work,"TrustAsia Technologies, Inc.",N/A
47.79.90.176,47.79.90.176,Common Name,"Organization",N/A
47.79.90.175,47.79.90.175,*.cd.rhinelt.icu,"Let's Encrypt",N/A
47.79.90.172,47.79.90.172,*.shinso.me,"Let's Encrypt",N/A
47.79.90.150,47.79.90.150,cloudflare-dns.com,"DigiCert Inc",N/A
47.79.90.135,47.79.90.135,coin.zimuquan.uk,"Let's Encrypt",N/A
47.79.90.131,47.79.90.131,clawjp7xui.uuiu.de,"Let's Encrypt",N/A
47.79.90.118,47.79.90.118,CloudFlare Origin Certificate,"CloudFlare, Inc.",N/A
47.79.90.108,47.79.90.108,lovin.lol,"Let's Encrypt",N/A
47.79.90.94,47.79.90.94,data3.redbot.win,"Let's Encrypt",N/A
47.79.90.90,47.79.90.90,admin.gocross.eu,"Let's Encrypt",N/A
47.79.90.78,47.79.90.78,v-jp.dtt.app,"Let's Encrypt",N/A
47.79.90.32,47.79.90.32,localhost,"FIT2CLOUD",N/A
47.79.90.241,47.79.90.241,*.cdn.myqcloud.com,"TrustAsia Technologies, Inc.",N/A
47.79.90.8,47.79.90.8,886663.xyz,"Let's Encrypt",N/A
47.79.91.143,47.79.91.143,cl.682568.xyz,"Let's Encrypt",N/A
47.79.91.103,47.79.91.103,Common Name,"Organization",N/A
47.79.89.238,47.79.89.238,sunxshangxu.top,"Let's Encrypt",N/A
47.79.91.137,47.79.91.137,yahoo.com,"DigiCert Inc",N/A
47.79.90.101,47.79.90.101,752532.xyz,"Let's Encrypt",N/A
47.79.90.79,47.79.90.79,CloudFlare Origin Certificate,"CloudFlare, Inc.",N/A
47.79.89.210,47.79.89.210,*.834438.xyz,"Let's Encrypt",N/A
47.79.89.209,47.79.89.209,127.0.0.1,"宝塔面板",N/A
47.79.90.51,47.79.90.51,cloudflare-dns.com,"DigiCert Inc",N/A
47.79.89.195,47.79.89.195,localhost,"FIT2CLOUD",N/A
47.79.90.16,47.79.90.16,CloudFlare Origin Certificate,"CloudFlare, Inc.",N/A
47.79.89.181,47.79.89.181,CloudFlare Origin Certificate,"CloudFlare, Inc.",N/A
47.79.89.167,47.79.89.167,dz.351234.xyz,"Let's Encrypt",N/A
47.79.89.166,47.79.89.166,cmdb.2077.win,"Let's Encrypt",N/A
47.79.89.156,47.79.89.156,edge01.yahoo.co.jp,"Cybertrust Japan Co., Ltd.",N/A
47.79.89.216,47.79.89.216,shop.doutao.net,"ZeroSSL",N/A
47.79.89.144,47.79.89.144,jp.955598.xyz,"Let's Encrypt",N/A
47.79.89.134,47.79.89.134,47.79.89.134,"MySSL",N/A
47.79.89.121,47.79.89.121,CloudFlare Origin Certificate,"CloudFlare, Inc.",N/A
47.79.89.207,47.79.89.207,115500.xyz,"Let's Encrypt",N/A
47.79.89.110,47.79.89.110,CloudFlare Origin Certificate,"CloudFlare, Inc.",N/A
47.79.89.109,47.79.89.109,localhost,"FIT2CLOUD",N/A
47.79.89.106,47.79.89.106,Common Name,"Organization",N/A
47.79.89.111,47.79.89.111,*.impactradius-event.com,"Sectigo Limited",N/A
47.79.89.107,47.79.89.107,awa.mom,"Let's Encrypt",N/A
47.79.89.105,47.79.89.105,47.79.89.105.nip.io,"Let's Encrypt",N/A
47.79.89.80,47.79.89.80,n.sni-347-default.ssl.fastly.net,"GlobalSign nv-sa",N/A
47.79.89.77,47.79.89.77,cloudflare-dns.com,"DigiCert Inc",N/A
47.79.89.67,47.79.89.67,Common Name,"Organization",N/A
47.79.89.63,47.79.89.63,Unknown,"Unknown",N/A
47.79.89.51,47.79.89.51,jp.77727772.xyz,"Let's Encrypt",N/A
47.79.89.78,47.79.89.78,yahoo.com,"DigiCert Inc",N/A
47.79.88.231,47.79.88.231,Common Name,"Organization",N/A
47.79.88.205,47.79.88.205,images.apple.com,"Apple Inc.",N/A
47.79.88.201,47.79.88.201,jp.slaa.one,"ZeroSSL",N/A
47.79.90.60,47.79.90.60,www.nocandy.blog,"Let's Encrypt",N/A
47.79.88.198,47.79.88.198,tokyo.181866.xyz,"Let's Encrypt",N/A
47.79.88.195,47.79.88.195,cloudflare-dns.com,"DigiCert Inc",N/A
47.79.88.160,47.79.88.160,localhost,"FIT2CLOUD",N/A
47.79.88.159,47.79.88.159,47.79.88.159,"ZeroSSL",N/A
47.79.88.250,47.79.88.250,*.num123.top,"Let's Encrypt",N/A
47.79.88.139,47.79.88.139,blog.messymarks.com,"Let's Encrypt",N/A
47.79.88.138,47.79.88.138,*.834438.xyz,"Let's Encrypt",N/A
47.79.88.137,47.79.88.137,LS,"LS",N/A
47.79.88.136,47.79.88.136,miku.mikufans.buzz,"Google Trust Services",N/A
47.79.88.125,47.79.88.125,jp.gotk.men,"Let's Encrypt",N/A
47.79.88.124,47.79.88.124,yingshipro.com,"Let's Encrypt",N/A
47.79.88.208,47.79.88.208,hk1.easyflying.top,"TrustAsia Technologies, Inc.",N/A
47.79.88.123,47.79.88.123,clawjp.garanpoe.top,"Let's Encrypt",N/A
47.79.88.203,47.79.88.203,console.chenqiana.com,"Let's Encrypt",N/A
47.79.88.228,47.79.88.228,yahoo.com,"DigiCert Inc",N/A
47.79.88.114,47.79.88.114,jp.152520.xyz,"Let's Encrypt",N/A
47.79.88.178,47.79.88.178,localhost,"FIT2CLOUD",N/A
47.79.88.100,47.79.88.100,*.digitaleast.mobi,"DigiCert Inc",N/A
47.79.88.165,47.79.88.165,zhuanma6.zimuquan1.top,"Let's Encrypt",N/A
47.79.88.85,47.79.88.85,8096.1212333.xyz,"Let's Encrypt",N/A
47.79.88.84,47.79.88.84,47.79.88.84,"SSL Corporation",N/A
47.79.88.75,47.79.88.75,4gtv.230011.xyz,"Let's Encrypt",N/A
47.79.88.70,47.79.88.70,Common Name,"Organization",N/A
47.79.88.153,47.79.88.153,test.860476090.xyz,"Let's Encrypt",N/A
47.79.88.63,47.79.88.63,Lucky,"lucky666CN",N/A
47.79.88.101,47.79.88.101,yahoo.com,"DigiCert Inc",N/A
47.79.88.175,47.79.88.175,yahoo.com,"DigiCert Inc",N/A
47.79.88.35,47.79.88.35,nps6.rabt.top,"Let's Encrypt",N/A
47.79.88.14,47.79.88.14,claw.kuns.top,"Let's Encrypt",N/A
47.79.88.13,47.79.88.13,free.zimuquan1.top,"Let's Encrypt",N/A
47.79.88.10,47.79.88.10,clawjp4.795678.xyz,"Let's Encrypt",N/A
47.79.87.245,47.79.87.245,gspe19-ssl.ls.apple.com,"Apple Inc.",N/A
47.79.88.39,47.79.88.39,yahoo.com,"DigiCert Inc",N/A
47.79.87.204,47.79.87.204,al.amaryo.cc,"Let's Encrypt",N/A
47.79.87.173,47.79.87.173,*.kagoya.net,"DigiCert Inc",N/A
47.79.87.171,47.79.87.171,Common Name,"Organization",N/A
47.79.87.158,47.79.87.158,dl.yangjichang.com,"Let's Encrypt",N/A
47.79.87.157,47.79.87.157,tuanss.men,"Let's Encrypt",N/A
47.79.87.155,47.79.87.155,CDN.Server,CDN.Data.Center,"CDN Data Center",N/A
47.79.87.153,47.79.87.153,localhost,"FIT2CLOUD",N/A
47.79.89.33,47.79.89.33,www.fastly.com,"Certainly",N/A
47.79.89.27,47.79.89.27,CloudFlare Origin Certificate,"CloudFlare, Inc.",N/A
47.79.87.144,47.79.87.144,rollerx.xyz,"Let's Encrypt",N/A
47.79.87.142,47.79.87.142,asmr.wduanni.cc,"Let's Encrypt",N/A
47.79.87.120,47.79.87.120,le.su7.uk,"Let's Encrypt",N/A
47.79.87.149,47.79.87.149,yahoo.com,"DigiCert Inc",N/A
47.79.87.248,47.79.87.248,CloudFlare Origin Certificate,"CloudFlare, Inc.",N/A
47.79.87.226,47.79.87.226,u.hyfl.vip,"Let's Encrypt",N/A
47.79.87.103,47.79.87.103,yubanmei.com,"Let's Encrypt",N/A
47.79.87.100,47.79.87.100,CloudFlare Origin Certificate,"CloudFlare, Inc.",N/A
47.79.87.184,47.79.87.184,dnsad.zzf.me,"Let's Encrypt",N/A
47.79.87.246,47.79.87.246,free2.0xcoder.net,"TrustAsia Technologies, Inc.",N/A
47.79.87.177,47.79.87.177,*.node2.easyipx.online,"Let's Encrypt",N/A
47.79.87.106,47.79.87.106,yahoo.com,"DigiCert Inc",N/A
47.79.87.78,47.79.87.78,Common Name,"Organization",N/A
47.79.87.83,47.79.87.83,*.tbcdn.cn,"GlobalSign nv-sa",N/A
47.79.87.57,47.79.87.57,godyui.xyz,"Let's Encrypt",N/A
47.79.87.84,47.79.87.84,cn.karuizawa-hds.com,"Let's Encrypt",N/A
47.79.87.129,47.79.87.129,beichen.ishangit.asia,"Let's Encrypt",N/A
47.79.87.130,47.79.87.130,Lucky,"lucky666CN",N/A
47.79.87.127,47.79.87.127,cloud.huguadao.com,"Let's Encrypt",N/A
47.79.87.76,47.79.87.76,yahoo.com,"DigiCert Inc",N/A
47.79.87.43,47.79.87.43,jp.xui.cneoo.com,"Let's Encrypt",N/A
47.79.87.30,47.79.87.30,Common Name,"Organization",N/A
47.79.87.29,47.79.87.29,localhost,"FIT2CLOUD",N/A
47.79.87.22,47.79.87.22,jp.880508.xyz,"Let's Encrypt",N/A
47.79.87.107,47.79.87.107,CloudFlare Origin Certificate,"CloudFlare, Inc.",N/A
47.79.87.10,47.79.87.10,*.tihus.com,"Let's Encrypt",N/A
47.79.87.8,47.79.87.8,localhost,"FIT2CLOUD",N/A
47.79.87.4,47.79.87.4,tc.meimo.xyz,"Let's Encrypt",N/A
47.79.86.253,47.79.86.253,clawjp2.615678.xyz,"Let's Encrypt",N/A
47.79.86.251,47.79.86.251,*.kipjay.org,"Let's Encrypt",N/A
47.79.86.246,47.79.86.246,images.apple.com,"Apple Inc.",N/A
47.79.86.207,47.79.86.207,CloudFlare Origin Certificate,"CloudFlare, Inc.",N/A
47.79.86.195,47.79.86.195,bs.iosok.top,"Let's Encrypt",N/A
47.79.86.191,47.79.86.191,clawjp1.615678.xyz,"Let's Encrypt",N/A
47.79.86.183,47.79.86.183,jp.nanjinyi.com,"Let's Encrypt",N/A
47.79.86.168,47.79.86.168,jp.911911911.xyz,"Let's Encrypt",N/A
47.79.86.147,47.79.86.147,jp.x.689986521.xyz,"Let's Encrypt",N/A
47.79.86.138,47.79.86.138,xu.nowiz.cyou,"Let's Encrypt",N/A
47.79.86.128,47.79.86.128,799798.xyz,"Let's Encrypt",N/A
47.79.86.126,47.79.86.126,Common Name,"Organization",N/A
47.79.86.127,47.79.86.127,alist.ffssaa7.top,"Let's Encrypt",N/A
47.79.86.117,47.79.86.117,*.alicdn.com,"GlobalSign nv-sa",N/A
47.79.86.110,47.79.86.110,ty.yuevthins.com,"Let's Encrypt",N/A
47.79.86.100,47.79.86.100,distro.177711.xyz,"Let's Encrypt",N/A
47.79.86.242,47.79.86.242,*.lanxinyuan.top,"Let's Encrypt",N/A
47.79.86.78,47.79.86.78,www.example.com,"Dis",N/A
47.79.86.188,47.79.86.188,Lucky,"lucky666CN",N/A
47.79.86.227,47.79.86.227,yahoo.com,"DigiCert Inc",N/A
47.79.86.35,47.79.86.35,fl.trifuture.tech,"Let's Encrypt",N/A
47.79.86.135,47.79.86.135,51wiki.uk,"Let's Encrypt",N/A
47.79.86.18,47.79.86.18,jp5.netlib.online,"Let's Encrypt",N/A
47.79.86.21,47.79.86.21,www.111383.xyz,"Let's Encrypt",N/A
47.79.86.111,47.79.86.111,234.cldzb.dpdns.org,"Buypass AS-983163327",N/A
47.79.86.17,47.79.86.17,hoshibu.com,"ZeroSSL",N/A
47.79.86.107,47.79.86.107,Common Name,"Organization",N/A
47.79.86.15,47.79.86.15,*.apples.news,"Let's Encrypt",N/A
47.79.86.14,47.79.86.14,godyui.xyz,"Let's Encrypt",N/A
47.79.86.95,47.79.86.95,loli.coffee,"Let's Encrypt",N/A
47.79.86.4,47.79.86.4,jp-claw.520312.best,"Let's Encrypt",N/A
47.79.86.3,47.79.86.3,ccjp.jjt123.xyz,"TrustAsia Technologies, Inc.",N/A
47.79.86.12,47.79.86.12,yahoo.com,"DigiCert Inc",N/A
47.79.85.246,47.79.85.246,images.apple.com,"Apple Inc.",N/A
47.79.85.249,47.79.85.249,www.amazon.com,"DigiCert Inc",N/A
47.79.86.76,47.79.86.76,2cyfd158.43992026.xyz,"ZeroSSL",N/A
47.79.85.239,47.79.85.239,jp.pinwei.xyz,"Let's Encrypt",N/A
47.79.85.237,47.79.85.237,x4us.unwall.in,"Let's Encrypt",N/A
47.79.86.44,47.79.86.44,coin.zimuquan.uk,"Let's Encrypt",N/A
47.79.85.208,47.79.85.208,j.sni-644-default.ssl.fastly.net,"GlobalSign nv-sa",N/A
47.79.85.204,47.79.85.204,*.ipa.lat,"Let's Encrypt",N/A
47.79.85.193,47.79.85.193,wssp.eu.org,"Let's Encrypt",N/A
47.79.85.182,47.79.85.182,ikwiigw.click,"Let's Encrypt",N/A
47.79.85.184,47.79.85.184,*.lkqjklfv.top,"Let's Encrypt",N/A
47.79.85.177,47.79.85.177,localhost,"FIT2CLOUD",N/A
47.79.85.166,47.79.85.166,dns.neurosana.xyz,"Let's Encrypt",N/A
47.79.86.36,47.79.86.36,*.20200207.xyz,"Let's Encrypt",N/A
47.79.85.158,47.79.85.158,localhost,"FIT2CLOUD",N/A
47.79.85.156,47.79.85.156,japan1.mmoffice.top,"Let's Encrypt",N/A
47.79.85.121,47.79.85.121,host.halo.cx,"Let's Encrypt",N/A
47.79.85.96,47.79.85.96,Common Name,"Organization",N/A
47.79.85.94,47.79.85.94,Common Name,"Organization",N/A
47.79.86.226,47.79.86.226,jp2.xmu.pp.ua,"Let's Encrypt",N/A
47.79.85.64,47.79.85.64,awsvideo.gweb.eu.org,"Let's Encrypt",N/A
47.79.85.58,47.79.85.58,jpaliyun01.zerosecurity.pw,"Let's Encrypt",N/A
47.79.86.210,47.79.86.210,user.mooncdn.top,"Let's Encrypt",N/A
47.79.86.201,47.79.86.201,claw.lovetecnet.xyz,"Let's Encrypt",N/A
47.79.86.199,47.79.86.199,*.nullencursor.lol,"Let's Encrypt",N/A
47.79.85.50,47.79.85.50,edge01.yahoo.co.jp,"Cybertrust Japan Co., Ltd.",N/A
47.79.85.37,47.79.85.37,jpst.9xdzof.tech,"Let's Encrypt",N/A
47.79.85.4,47.79.85.4,localhost,"FIT2CLOUD",N/A
47.79.85.2,47.79.85.2,localhost,"FIT2CLOUD",N/A
47.79.84.247,47.79.84.247,eb.133322.xyz,"Let's Encrypt",N/A
47.79.85.89,47.79.85.89,cl.1215719.xyz,"Let's Encrypt",N/A
47.79.84.236,47.79.84.236,t.sni-820-default.ssl.fastly.net,"Certainly",N/A
47.79.85.79,47.79.85.79,alewblog.top,"Let's Encrypt",N/A
47.79.85.68,47.79.85.68,claw-3xui.2202020.xyz,"Let's Encrypt",N/A
47.79.84.216,47.79.84.216,alist.secduck.cn,"Let's Encrypt",N/A
47.79.84.242,47.79.84.242,yahoo.com,"DigiCert Inc",N/A
47.79.84.204,47.79.84.204,Common Name,"Organization",N/A
47.79.85.33,47.79.85.33,*.tjq.one,"Google Trust Services",N/A
47.79.84.199,47.79.84.199,n.sni-347-default.ssl.fastly.net,"GlobalSign nv-sa",N/A
47.79.84.196,47.79.84.196,cwjp1.ghpw.space,"ZeroSSL",N/A
47.79.84.193,47.79.84.193,mycloud.233450.xyz,"ZeroSSL",N/A
47.79.84.173,47.79.84.173,xui.852340.xyz,"Let's Encrypt",N/A
47.79.84.165,47.79.84.165,acwiki.guanglai.me,"Let's Encrypt",N/A
47.79.84.166,47.79.84.166,CloudFlare Origin Certificate,"CloudFlare, Inc.",N/A
47.79.84.140,47.79.84.140,ai.netgoldstar.com,"Let's Encrypt",N/A
47.79.84.126,47.79.84.126,CloudFlare Origin Certificate,"CloudFlare, Inc.",N/A
47.79.84.115,47.79.84.115,ai.joyuarskmatejo.cfd,"Let's Encrypt",N/A
47.79.84.100,47.79.84.100,free.zimuquan1.top,"Let's Encrypt",N/A
47.79.84.91,47.79.84.91,n.sni-347-default.ssl.fastly.net,"GlobalSign nv-sa",N/A
47.79.84.88,47.79.84.88,www.cdn77.com,"Let's Encrypt",N/A
47.79.84.82,47.79.84.82,jp.ddaodan.cc,"Let's Encrypt",N/A
47.79.84.221,47.79.84.221,www.cloudflare.com,"Google Trust Services",N/A
47.79.84.26,47.79.84.26,localhost,"FIT2CLOUD",N/A
47.79.84.27,47.79.84.27,databricks.co.jp,"Let's Encrypt",N/A
47.79.85.168,47.79.85.168,trade.googler.win,"Let's Encrypt",N/A
47.79.85.140,47.79.85.140,www.cloudflare.com,"Google Trust Services",N/A
47.79.85.77,47.79.85.77,c1.ibctech.top,"Let's Encrypt",N/A
47.79.85.78,47.79.85.78,localhost,"FIT2CLOUD",N/A
47.79.84.117,47.79.84.117,yahoo.com,"DigiCert Inc",N/A
47.79.84.49,47.79.84.49,copilot.supercopilot.top,"ZeroSSL",N/A
47.79.84.7,47.79.84.7,reroute443.microsoft.com,"Microsoft Corporation",N/A
47.79.84.103,47.79.84.103,*.starbucks.co.jp,"GlobalSign nv-sa",N/A
47.79.84.51,47.79.84.51,www.xtools.fun,"Let's Encrypt",N/A
47.79.79.217,47.79.79.217,huanxx.cn,"Let's Encrypt",N/A
47.79.79.173,47.79.79.173,xiong6.nbiggerhead.com,"Let's Encrypt",N/A
47.79.79.245,47.79.79.245,www.szstmall.cn,"Let's Encrypt",N/A
47.79.79.241,47.79.79.241,shop.kolian.love,"Let's Encrypt",N/A
47.79.79.153,47.79.79.153,www.yiyanpcb.com,"DigiCert Inc",N/A
47.79.79.149,47.79.79.149,xjx999.cn,"Let's Encrypt",N/A
47.79.79.116,47.79.79.116,taozz.work,"Let's Encrypt",N/A
47.79.79.84,47.79.79.84,ws-safews.com,"Let's Encrypt",N/A
47.79.79.42,47.79.79.42,4umart-shopping.com,"Let's Encrypt",N/A
47.79.79.29,47.79.79.29,blog.ldkya22.cn,"Let's Encrypt",N/A
47.79.79.23,47.79.79.23,www.from0to1.cn,"Let's Encrypt",N/A
47.79.78.252,47.79.78.252,guanjiekjsz.com,"Let's Encrypt",N/A
47.79.78.249,47.79.78.249,jcw6.cn.xqd.cn,"Let's Encrypt",N/A
47.79.78.240,47.79.78.240,*.intergolden.hk,"TrustAsia Technologies, Inc.",N/A
47.79.78.223,47.79.78.223,admin.artim.vip,"Let's Encrypt",N/A
47.79.78.210,47.79.78.210,ws-flowers.com,"Let's Encrypt",N/A
47.79.78.198,47.79.78.198,xiaomifeng999.com,"Let's Encrypt",N/A
47.79.78.196,47.79.78.196,test.bonsai-bci.com,"Let's Encrypt",N/A
47.79.78.185,47.79.78.185,jiaoan.xiaomippt.com,"Let's Encrypt",N/A
47.79.78.134,47.79.78.134,www.springyl.com,"DigiCert Inc",N/A
47.79.78.118,47.79.78.118,git.6tb0pjcbs.intnax.com,"Let's Encrypt",N/A
47.79.78.101,47.79.78.101,gtwsns.com,"Let's Encrypt",N/A
47.79.78.66,47.79.78.66,survey.nexaversesurvey.com,"Let's Encrypt",N/A
47.79.78.64,47.79.78.64,artsion.art,"Let's Encrypt",N/A
47.79.78.57,47.79.78.57,zachauto.com,"DigiCert Inc",N/A
47.79.78.51,47.79.78.51,julytian.top,"Let's Encrypt",N/A
47.79.78.43,47.79.78.43,neotamarix.com,"DigiCert Inc",N/A
47.79.78.4,47.79.78.4,www.gdsteel.com,"DigiCert Inc",N/A
47.79.77.230,47.79.77.230,node.baobaoyun.cc,"Let's Encrypt",N/A
47.79.77.200,47.79.77.200,Cloudflare,"Cloudflare, Inc.",N/A
47.79.77.171,47.79.77.171,ahwbthpack.com,"DigiCert Inc",N/A
47.79.77.125,47.79.77.125,vietphonecenter.com,"Let's Encrypt",N/A
47.79.77.67,47.79.77.67,rcaptical.com,"Let's Encrypt",N/A
47.79.77.43,47.79.77.43,wovapharm.com,"TrustAsia Technologies, Inc.",N/A
47.79.77.27,47.79.77.27,www.998689.com,"Let's Encrypt",N/A
47.79.77.14,47.79.77.14,wodewangduoyu.top,"Let's Encrypt",N/A
47.79.77.7,47.79.77.7,fenghuitextile.com,"Let's Encrypt",N/A
47.79.76.255,47.79.76.255,saosao555.cn,"Let's Encrypt",N/A
47.79.76.224,47.79.76.224,www.slds88.top,"Let's Encrypt",N/A
47.79.76.221,47.79.76.221,www.safe4uimportinc.com,"Let's Encrypt",N/A
47.79.76.214,47.79.76.214,mnxdisplay.com,"Let's Encrypt",N/A
47.79.76.206,47.79.76.206,www.minjcode.cn,"Let's Encrypt",N/A
47.79.76.204,47.79.76.204,ws-blue.com,"Let's Encrypt",N/A
47.79.76.187,47.79.76.187,www.howay-lawnmower.com,"DigiCert Inc",N/A
47.79.76.175,47.79.76.175,vtwo.subscription.men,"Let's Encrypt",N/A
47.79.76.173,47.79.76.173,natgovod.com,"DigiCert Inc",N/A
47.79.76.159,47.79.76.159,shengshikw.cn,"Let's Encrypt",N/A
47.79.76.154,47.79.76.154,aexaex.com,"Let's Encrypt",N/A
47.79.76.114,47.79.76.114,shengeryouling.com,"DigiCert Inc",N/A
47.79.76.80,47.79.76.80,Cloudflare,"Cloudflare, Inc.",N/A
47.79.76.44,47.79.76.44,admin.exodbt.top,"Let's Encrypt",N/A
47.79.76.15,47.79.76.15,api.t15x.cn,"Let's Encrypt",N/A
47.79.224.67,47.79.224.67,drhongbs.com,"Let's Encrypt",N/A
47.79.224.115,47.79.224.115,nraou.com,"Let's Encrypt",N/A
47.79.224.124,47.79.224.124,r2.bigfei.me,"ZeroSSL",N/A
47.79.224.184,47.79.224.184,www.sycedu.com,"Let's Encrypt",N/A
47.79.224.197,47.79.224.197,rt-thread.io,"ZeroSSL",N/A
47.79.224.143,47.79.224.143,yinhao.xyz,"Let's Encrypt",N/A
47.79.224.198,47.79.224.198,download.myxtld.info,"Let's Encrypt",N/A
47.79.225.69,47.79.225.69,about.mewmev.com,"Let's Encrypt",N/A
47.79.225.76,47.79.225.76,gemiapp.com,"ZeroSSL",N/A
47.79.225.114,47.79.225.114,cwsg.ghpw.space,"ZeroSSL",N/A
47.79.225.43,47.79.225.43,virtussurvey.com,"Let's Encrypt",N/A
47.79.225.176,47.79.225.176,localhost,"FIT2CLOUD",N/A
47.79.224.79,47.79.224.79,localhost,"FIT2CLOUD",N/A
47.79.225.93,47.79.225.93,unitechemi.com,"GlobalSign nv-sa",N/A
47.79.225.245,47.79.225.245,www.winwinshutter.com,"DigiCert Inc",N/A
47.79.226.31,47.79.226.31,eua.inc,"Inc",N/A
47.79.226.79,47.79.226.79,chinagiftfactory.com,"Let's Encrypt",N/A
47.79.224.221,47.79.224.221,CloudFlare Origin Certificate,"CloudFlare, Inc.",N/A
47.79.226.121,47.79.226.121,arenagame.lol,"Let's Encrypt",N/A
47.79.225.218,47.79.225.218,sggpromo.com,"Let's Encrypt",N/A
47.79.226.127,47.79.226.127,julytian.cn,"Let's Encrypt",N/A
47.79.226.26,47.79.226.26,hengyueoriental.com,"Let's Encrypt",N/A
47.79.227.5,47.79.227.5,premiumsex.shop,"Let's Encrypt",N/A
47.79.226.194,47.79.226.194,*.mgnk8p.mobi,"Let's Encrypt",N/A
47.79.227.67,47.79.227.67,crimsonindustrial.com,"DigiCert Inc",N/A
47.79.226.239,47.79.226.239,www.opecmachinery.com,"Let's Encrypt",N/A
47.79.227.72,47.79.227.72,ektmalls.com,"Let's Encrypt",N/A
47.79.227.74,47.79.227.74,*.driveduo.my.id,"Let's Encrypt",N/A
47.79.227.79,47.79.227.79,mage.rapidredrabbit.com,"DigiCert Inc",N/A
47.79.227.89,47.79.227.89,CloudFlare Origin Certificate,"CloudFlare, Inc.",N/A
47.79.227.108,47.79.227.108,docker.franklinworksite.top,"Let's Encrypt",N/A
47.79.226.10,47.79.226.10,redsunindoorgames.com,"WoTrus CA Limited",N/A
47.79.226.25,47.79.226.25,huacable.com,"Let's Encrypt",N/A
47.79.226.38,47.79.226.38,www.beplanets.com,"DigiCert Inc",N/A
47.79.227.131,47.79.227.131,api.tiktokglobalmall-inc.shop,"Let's Encrypt",N/A
47.79.227.135,47.79.227.135,fourwheelev.com,"Let's Encrypt",N/A
47.79.227.145,47.79.227.145,bbs.znwp.site,"Let's Encrypt",N/A
47.79.226.91,47.79.226.91,www.senswellco.com,"DigiCert Inc",N/A
47.79.226.112,47.79.226.112,p7dy.com,"Let's Encrypt",N/A
47.79.227.159,47.79.227.159,cloud.haidienergy.com,"Let's Encrypt",N/A
47.79.227.170,47.79.227.170,localhost,"FIT2CLOUD",N/A
47.79.226.223,47.79.226.223,2349fgk.com,"Let's Encrypt",N/A
47.79.228.81,47.79.228.81,ws-italy.com,"Let's Encrypt",N/A
47.79.228.178,47.79.228.178,localhost,"FIT2CLOUD",N/A
47.79.228.183,47.79.228.183,sggsms.com,"Let's Encrypt",N/A
47.79.228.213,47.79.228.213,www.example.com,"Example Inc.",N/A
47.79.229.5,47.79.229.5,www.travabox.com,"Let's Encrypt",N/A
47.79.230.57,47.79.230.57,neswalk.com,"Unizeto Technologies S.A.",N/A
47.79.230.120,47.79.230.120,mxpump.com,"Let's Encrypt",N/A
